Designator,Val,Package,Mid X,Mid Y,Rotation,Layer
C1,100nF,C_0603_1608Metric,51.6,27.25,0.0,top
C2,100nF,C_0603_1608Metric,69.6,21.25,0.0,top
C3,22uF 6.3V,CP_EIA-3216-18_Kemet-A_Pad1.58x1.35mm_HandSolder,89.45,70.2,0.0,top
C4,22uF 6.3V,CP_EIA-3216-18_Kemet-A_Pad1.58x1.35mm_HandSolder,89.4542,67.836,0.0,top
C5,22uF,C_1206_3216Metric,67.7,16.6,180.0,top
C6,100nF,C_0603_1608Metric,57.15,22.9,0.0,top
C7,1uF,C_0603_1608Metric,97.941,16.129,0.0,top
C8,100nF,C_0603_1608Metric,73.4,28.3,0.0,top
C9,100nF,C_0603_1608Metric,79.3,25.2,0.0,top
C10,1uF,C_0603_1608Metric,98.9,54.15,0.0,top
C11,1uF,C_0603_1608Metric,105.307,16.129,0.0,top
C12,0.1uF-100V,C_0805_2012Metric,45.989802,65.566,0.0,top
C13,1uF,C_0603_1608Metric,46.039802,63.366,180.0,top
C14,100nF,C_0603_1608Metric,46.049802,61.466,180.0,top
D1,RGB,LED_RGB_5050-6,5.7,15.8,180.0,top
D2,LL4148,D_MiniMELF,115.55,65.85,90.0,top
D3,YELLOW LED,LED_0603_1608Metric_Pad1.05x0.95mm_HandSolder,91.6,85.55,0.0,top
D4,YELLOW LED,LED_0603_1608Metric_Pad1.05x0.95mm_HandSolder,72.3,84.8,0.0,top
D5,LL4148,D_MiniMELF,61.675,59.3,0.0,top
D6,Z_82V,D_SMA,43.7642,75.4126,0.0,top
D8,NUP2105LT1G,SOT-23,79.04,13.0,-90.0,top
F1,"Fuse, 3A",Fuse_2920_7451Metric,86.75,75.05,0.0,top
FID1,Fiducial_1mm_Mask2mm,Fiducial_1mm_Mask2mm,9.3,84.1,0.0,top
FID2,Fiducial_1mm_Mask2mm,Fiducial_1mm_Mask2mm,7.3,10.15,0.0,top
FID3,Fiducial_1mm_Mask2mm,Fiducial_1mm_Mask2mm,113.2,11.85,0.0,top
FID4,Fiducial_1mm_Mask2mm,Fiducial_1mm_Mask2mm,113.75,81.0,0.0,top
J1,4PinBlock,WJ15EDGRC-3.81-4P,17.8,4.6375,0.0,top
J2,ScrewTerminal3Pin,Terminal-Block_5.0mm_3P-LCSC_C395850,101.475,83.55,180.0,top
J3,ScrewTerminal3Pin,Terminal-Block_5.0mm_3P-LCSC_C395850,62.31,83.6,180.0,top
J4,4PinBlock,WJ15EDGRC-3.81-4P,57.55,4.6375,0.0,top
J5,ScrewTerminal,WJ15EDGRC-3.81-2P,82.95,82.9125,180.0,top
J6,19PinSocket,placeholder,3.5,45.0,0.0,top
J7,4PinBlock,WJ15EDGRC-3.81-4P,73.95,4.6375,0.0,top
J8,2x3 2.54mm IDC Connectors,PinHeader_2x03_P2.54mm_Vertical,40.675,4.975,-90.0,top
J9,4PinBlock,WJ15EDGRC-3.81-4P,43.9,82.9125,180.0,top
J10,ESTOP,JST_PH_S2B-PH-K_1x02_P2.00mm_Horizontal,29.45,5.3,0.0,top
J11,19PinSocket,placeholder,29.0,45.0,0.0,top
J12,4PinBlock,WJ15EDGRC-3.81-4P,18.75,82.9125,180.0,top
J13,14PinSocket,placeholder,35.5,35.75,0.0,top
J15,Molex 0472192001,0472192001,100.7,44.4,-90.0,top
J16,4PinSocket,placeholder,117.0,36.0,0.0,top
J17,4PinBlock,WJ15EDGRC-3.81-4P,90.35,4.6375,0.0,top
K1,SRD-05VDC-SL-C,RELAY_SRD-05VDC-SL-C,103.4775,68.7,180.0,top
K2,SRD-05VDC-SL-C,RELAY_SRD-05VDC-SL-C,64.3125,68.75,180.0,top
LCD1,LCD,TFTSPI_2_8_240x320_TOUCH,76.55,45.125,180.0,top
Q1,AO3400A,SOT-23,116.8,70.6,180.0,top
Q2,AO3400A,SOT-23,66.675,57.85,90.0,top
Q3,AO3401A,SOT-23,83.1,69.5,90.0,top
Q4,AO3400A,SOT-23,87.02,18.625,0.0,top
R1,220R,R_0603_1608Metric,11.25,17.5,0.0,top
R2,2K2,R_0603_1608Metric,87.0,14.5,0.0,top
R3,180R,R_0805_2012Metric,92.38,22.88,180.0,top
R4,560R,R_0603_1608Metric,11.25,15.8,0.0,top
R5,2K2,R_0603_1608Metric,7.2,73.05,180.0,top
R6,120R,R_0603_1608Metric,81.2,17.2,180.0,top
R7,51K,R_0603_1608Metric,101.37,12.827,0.0,top
R8,120R,R_0603_1608Metric,80.3,67.5,-90.0,top
R9,120R,R_0603_1608Metric,47.84,15.67,0.0,top
R10,560R,R_0603_1608Metric,117.95,66.85,-90.0,top
R11,51K,R_0603_1608Metric,117.8,73.7,0.0,top
R12,560R,R_0603_1608Metric,91.75,83.7,0.0,top
R13,560R,R_0603_1608Metric,72.35,82.8,0.0,top
R14,560R,R_0603_1608Metric,62.975,57.0,180.0,top
R15,51K,R_0603_1608Metric,69.725,57.83,-90.0,top
R16,2K2,R_0603_1608Metric,3.675,73.05,0.0,top
R17,220R,R_0603_1608Metric,11.25,14.1,0.0,top
R18,220R,R_0603_1608Metric,19.5834,70.8538,-90.0,top
R19,10K,R_0603_1608Metric,58.05,21.2,180.0,top
R20,1M,R_0603_1608Metric,87.0,22.88,0.0,top
R21,220R,R_0603_1608Metric,41.7,33.5,0.0,top
R22,10K,R_0603_1608Metric,94.0,54.18,0.0,top
R23,10R,R_0805_2012Metric,45.989802,67.566,0.0,top
R24,22K,R_0603_1608Metric,12.0,12.0,180.0,top
R25,220R,R_0603_1608Metric,10.7,73.05,180.0,top
R26,22K,R_0603_1608Metric,97.921,12.827,0.0,top
R27,51K,R_0603_1608Metric,108.736,12.827,0.0,top
R28,22K,R_0603_1608Metric,105.287,12.827,0.0,top
R29,10K,R_0603_1608Metric,3.75,69.65,0.0,top
R30,10R,R_0805_2012Metric,49.699802,67.566,0.0,top
R31,10K,R_0603_1608Metric,42.134802,63.316,180.0,top
R32,10K,R_0603_1608Metric,38.629802,63.266,180.0,top
R33,22K,R_1206_3216Metric,31.6484,80.4164,90.0,top
R34,22K,R_1206_3216Metric,42.4688,72.136,0.0,top
R35,22K,R_1206_3216Metric,31.6484,85.09,90.0,top
RV1,5K,Potentiometer_Bourns_3296W_Vertical,32.1564,75.3872,180.0,top
SW1,SW_Push,SW_PUSH_6mm_H5mm,102.35,4.85,90.0,top
SW2,SW_Push,SW_PUSH_6mm_H5mm,110.0,4.85,90.0,top
U1,TXS0102DCU,VSSOP-8_2.3x2mm_P0.5mm,75.1,24.98,0.0,top
U2,EL3H7(B)(TA)-G,SOP-4_4.4x2.6mm_P1.27mm,92.30832,17.4195,-90.0,top
U3,TCA6416APWR,TSSOP-24_4.4x7.8mm_P0.65mm,60.0,15.4,0.0,top
U4,ESP32-DEVKITC-32D,MODULE_ESP32-DEVKITC-32D,15.878894,46.65425,0.0,top
U5,SN65HVD75DR,SOIC-8_3.9x4.9mm_P1.27mm,48.9,22.25,0.0,top
U6,AMS1117-3.3,SOT-223-3_TabPin2,88.0742,61.971,-90.0,top
U7,SN65HVD1050D,SOIC-8_3.9x4.9mm_P1.27mm,75.2,19.9,0.0,top
U8,INA229,VSSOP-10_3x3mm_P0.5mm,40.149802,67.566,0.0,top
U9,LT219-1,SO-4_4.4x3.6mm_P2.54mm,23.25,73.8,90.0,top
U12,LT219-1,SO-4_4.4x3.6mm_P2.54mm,15.0,73.8,90.0,top
